{
  "search_metrics": {
    "precision": 0.2330952380952381,
    "recall": 0.4633333333333333,
    "f1": 0.29397935397935393
  },
  "caller_metrics": {
    "precision": 0.3919823232323232,
    "recall": 0.6875,
    "f1": 0.4067577030812325
  },
  "dead_code_metrics": {
    "precision": 0.0,
    "recall": 0.0,
    "f1": 0.0
  },
  "dependency_metrics": {
    "precision": 0.0,
    "recall": 0.0,
    "f1": 0.0
  },
  "overall": {
    "precision": 0.15626939033189033,
    "recall": 0.28770833333333334,
    "f1": 0.1751842642651466
  },
  "node_count_ok": true,
  "edge_count_ok": true
}